<?xml version="1.0" encoding="UTF-8"?>
<project-private xmlns="http://www.netbeans.org/ns/project-private/1">
    <editor-bookmarks xmlns="http://www.netbeans.org/ns/editor-bookmarks/2" lastBookmarkId="0"/>
    <open-files xmlns="http://www.netbeans.org/ns/projectui-open-files/2">
        <group>
            <file>file:/C:/Users/Filip/Desktop/II%20godina%20peredmeti/Letnji%20semestar/KWT/UradjeniKLK/KLK2019-20/KLK2019-20/public_html/index.html</file>
            <file>file:/C:/Users/Filip/Desktop/II%20godina%20peredmeti/Letnji%20semestar/KWT/UradjeniKLK/KLK2019-20/KLK2019-20/public_html/style.css</file>
        </group>
    </open-files>
</project-private>
